<?xml version="1.0" encoding="utf-8"?>
<prefix name="advancedphoto" label="Advanced Photo" language_tag="en" language_label="English"><key name="admin_no_categories"><value>No categories created. At least one category should be present.</value></key><key name="my_albums"><value>My Albums</value></key><key name="admin_tab_general_title"><value>General Settings</value></key><key name="admin_category_tab_title"><value>Photo Categories</value></key><key name="admin_settings_title"><value>Advanced Photo Settings</value></key><key name="admin_photofeature_per_page"><value>Featured Photos Count</value></key><key name="admin_photofeature_per_page_desc"><value>How many featured photos will be shown on the widget</value></key><key name="user_save_success"><value>Settings Saved Successfully</value></key><key name="admin_category_name"><value>Category Name</value></key><key name="admin_add_category"><value>Add Category</value></key><key name="admin_add_category_error"><value>Please retry adding the category</value></key><key name="admin_add_category_success"><value>Category successfully added</value></key><key name="featuredphotos"><value>Featured Photos</value></key><key name="in"><value>in</value></key><key name="by"><value>by</value></key><key name="search"><value>Search</value></key><key name="nobody_has_created_an_photo_with_that_criteria"><value>Nobody has created an photo with that criteria.</value></key><key name="photos"><value>Photos</value></key><key name="albums"><value>Albums</value></key><key name="category"><value>Category</value></key><key name="meta_title_photo_albums"><value>Albums</value></key></prefix>
